{
  "gpt2": {
    "intrasentence": {
      "gender": {
        "Count": 765.0,
        "LM Score": 93.27790824312564,
        "SS Score": 62.66777425473077,
        "ICAT Score": 69.64543855157751
      },
      "profession": {
        "Count": 2430.0,
        "LM Score": 92.28935393467714,
        "SS Score": 63.97468647350802,
        "ICAT Score": 66.4950582130826
      },
      "race": {
        "Count": 2886.0,
        "LM Score": 89.7567072075023,
        "SS Score": 60.35000089116578,
        "ICAT Score": 71.1770672157872
      },
      "religion": {
        "Count": 237.0,
        "LM Score": 88.45977011494251,
        "SS Score": 58.02298850574713,
        "ICAT Score": 74.26553573787817
      },
      "overall": {
        "Count": 2106.0,
        "LM Score": 91.1149426618542,
        "SS Score": 61.931485244958985,
        "ICAT Score": 69.37221078255025
      }
    },
    "intersentence": {
      "gender": {
        "Count": 726.0,
        "LM Score": 85.95185008228486,
        "SS Score": 53.38029321724974,
        "ICAT Score": 80.14100096542057
      },
      "profession": {
        "Count": 2481.0,
        "LM Score": 72.7908066154173,
        "SS Score": 52.38766238499275,
        "ICAT Score": 69.31480919683904
      },
      "race": {
        "Count": 2928.0,
        "LM Score": 76.50494920395892,
        "SS Score": 51.49425411284266,
        "ICAT Score": 74.21859250394222
      },
      "religion": {
        "Count": 234.0,
        "LM Score": 75.82758620689656,
        "SS Score": 56.92528735632184,
        "ICAT Score": 65.32502972651605
      },
      "overall": {
        "Count": 2123.0,
        "LM Score": 76.26460290188072,
        "SS Score": 52.278503972830144,
        "ICAT Score": 72.78921888791575
      }
    },
    "overall": {
      "Count": 4229.0,
      "LM Score": 83.65206453498922,
      "SS Score": 57.03077944935812,
      "ICAT Score": 71.8892802104096
    }
  },

  "gpt2-medium": {
    "intrasentence": {
      "gender": {
        "Count": 765.0,
        "LM Score": 93.58464056072752,
        "SS Score": 65.5810572680138,
        "ICAT Score": 64.42168768106389
      },
      "profession": {
        "Count": 2430.0,
        "LM Score": 91.75689996184768,
        "SS Score": 63.370875080466256,
        "ICAT Score": 67.2194990186336
      },
      "race": {
        "Count": 2886.0,
        "LM Score": 92.35544217137996,
        "SS Score": 61.440868452370104,
        "ICAT Score": 71.22291287651531
      },
      "religion": {
        "Count": 237.0,
        "LM Score": 90.45977011494251,
        "SS Score": 62.57471264367816,
        "ICAT Score": 67.70965781477076
      },
      "overall": {
        "Count": 2106.0,
        "LM Score": 92.21175484781281,
        "SS Score": 62.74091426975296,
        "ICAT Score": 68.71451358422361
      }
    },
    "intersentence": {
      "gender": {
        "Count": 726.0,
        "LM Score": 86.75588602219037,
        "SS Score": 52.803768292898724,
        "ICAT Score": 81.89101797316331
      },
      "profession": {
        "Count": 2481.0,
        "LM Score": 79.95013714261954,
        "SS Score": 60.833095134448506,
        "ICAT Score": 62.62798830905549
      },
      "race": {
        "Count": 2928.0,
        "LM Score": 82.20428446703781,
        "SS Score": 50.92587863838326,
        "ICAT Score": 80.68206064760558
      },
      "religion": {
        "Count": 234.0,
        "LM Score": 86.44923371647508,
        "SS Score": 60.796934865900376,
        "ICAT Score": 67.78149880359948
      },
      "overall": {
        "Count": 2123.0,
        "LM Score": 82.08563185396552,
        "SS Score": 55.30067053850558,
        "ICAT Score": 73.38345404590692
      }
    },
    "overall": {
      "Count": 4229.0,
      "LM Score": 87.10915766412283,
      "SS Score": 58.96129508021536,
      "ICAT Score": 71.49694034377868
    }
  },

  "gpt2-large": {
    "intrasentence": {
      "gender": {
        "Count": 765.0,
        "LM Score": 95.31597162901512,
        "SS Score": 65.29146280450628,
        "ICAT Score": 66.1655589322059
      },
      "profession": {
        "Count": 2430.0,
        "LM Score": 92.35646029395959,
        "SS Score": 65.68080370271493,
        "ICAT Score": 63.39198980301628
      },
      "race": {
        "Count": 2886.0,
        "LM Score": 91.88521081068524,
        "SS Score": 63.00185922496809,
        "ICAT Score": 67.99163929434432
      },
      "religion": {
        "Count": 237.0,
        "LM Score": 91.60919540229885,
        "SS Score": 61.60919540229886,
        "ICAT Score": 70.33901440084554
      },
      "overall": {
        "Count": 2106.0,
        "LM Score": 92.4879582341836,
        "SS Score": 64.25611718268682,
        "ICAT Score": 66.11757482270427
      }
    },
    "intersentence": {
      "gender": {
        "Count": 726.0,
        "LM Score": 89.90673275999363,
        "SS Score": 60.723907734777285,
        "ICAT Score": 70.62370262292464
      },
      "profession": {
        "Count": 2481.0,
        "LM Score": 84.87771949517406,
        "SS Score": 61.72976467427711,
        "ICAT Score": 64.96580597982019
      },
      "race": {
        "Count": 2928.0,
        "LM Score": 84.20836250641743,
        "SS Score": 57.022274296081605,
        "ICAT Score": 72.38167811553869
      },
      "religion": {
        "Count": 234.0,
        "LM Score": 88.50478927203066,
        "SS Score": 62.97701149425287,
        "ICAT Score": 65.53423591843926
      },
      "overall": {
        "Count": 2123.0,
        "LM Score": 85.347016841801,
        "SS Score": 59.50461932554155,
        "ICAT Score": 69.12319872876296
      }
    },
    "overall": {
      "Count": 4229.0,
      "LM Score": 88.91747413402561,
      "SS Score": 61.86045699338027,
      "ICAT Score": 67.82543657549334
    }
  }
  "vicuna_without_instruction": {
    "intrasentence": {
      "gender": {
        "Count": 765.0,
        "LM Score": 93.14869003782049,
        "SS Score": 67.48217756478627,
        "ICAT Score": 60.57985125445217
      },
      "profession": {
        "Count": 2430.0,
        "LM Score": 89.5763474383651,
        "SS Score": 61.93709532612743,
        "ICAT Score": 68.19071947160361
      },
      "race": {
        "Count": 2886.0,
        "LM Score": 88.17605912331533,
        "SS Score": 63.030836373614584,
        "ICAT Score": 65.19590315319357
      },
      "religion": {
        "Count": 237.0,
        "LM Score": 92.75862068965517,
        "SS Score": 56.87356321839081,
        "ICAT Score": 80.00697582243362
      },
      "overall": {
        "Count": 2106.0,
        "LM Score": 89.51128245617059,
        "SS Score": 62.945132082746625,
        "ICAT Score": 66.33657497034721
      }
    },
    "intersentence": {
      "gender": {
        "Count": 726.0,
        "LM Score": 79.02302206650033,
        "SS Score": 70.32323352975527,
        "ICAT Score": 46.90295543281053
      },
      "profession": {
        "Count": 2481.0,
        "LM Score": 71.33810219463723,
        "SS Score": 66.82017177743911,
        "ICAT Score": 47.33971953083114
      },
      "race": {
        "Count": 2928.0,
        "LM Score": 83.36636417861698,
        "SS Score": 63.163370548026336,
        "ICAT Score": 61.41871732012009
      },
      "religion": {
        "Count": 234.0,
        "LM Score": 82.57758620689656,
        "SS Score": 61.51532567049808,
        "ICAT Score": 63.55943024177568
      },
      "overall": {
        "Count": 2123.0,
        "LM Score": 78.2189260196838,
        "SS Score": 65.3957570298882,
        "ICAT Score": 54.13413441692676
      }
    },
    "overall": {
      "Count": 4229.0,
      "LM Score": 83.83276345757993,
      "SS Score": 64.05130476280547,
      "ICAT Score": 60.27356928856718
    }
  },
  "vicuna_man": {
    "intrasentence": {
      "gender": {
        "Count": 765.0,
        "LM Score": 93.38386211212298,
        "SS Score": 72.1602868950695,
        "ICAT Score": 51.995598596637855
      },